criterion_id,max_points,score_band,anchor
C1,20,0–5,Мото-тур как отдельный продукт не подтвержден или ограничивается прокатом.
C1,20,6–10,Есть мото-продукт, но специализация и глубина маршрутов ограничены.
C1,20,11–15,Есть полноценные мото-туры и практическая компетенция, но компания не является узкопрофильным мотооператором.
C1,20,16–20,Мото-путешествия являются основной специализацией с развитым каталогом и практикой.
C2,20,0–5,Подтверждены только отдельные элементы поездки.
C2,20,6–10,Организуются несколько элементов, но единая координация раскрыта слабо.
C2,20,11–15,Большая часть поездки закрывается одной компанией, часть логистики остается отдельно.
C2,20,16–20,Один организатор связывает технику, маршрут, размещение, логистику и существенную часть сопутствующих услуг.
C3,20,0–5,Подтвержден один локальный маршрут без заметного регионального охвата.
C3,20,6–10,Есть устойчивый продукт в 1–2 странах Латинской Америки.
C3,20,11–15,Подтверждено несколько стран или сильный региональный каталог, но Бразилия не является главным продуктом.
C3,20,16–20,Есть сильный продукт по Бразилии и/или широкий многострановой охват Латинской Америки.
C4,15,0–4,Сопровождение и помощь на маршруте раскрыты слабо.
C4,15,5–9,Есть гиды или базовая поддержка, но машина сопровождения и техническая помощь подтверждены частично.
C4,15,10–12,Подтверждены несколько механизмов поддержки: гиды, связь, багаж, границы или механическая помощь.
C4,15,13–15,Подтверждены развитое сопровождение, поддерживающий транспорт и/или механическая помощь на сложном маршруте.
C5,10,0–2,Русскоязычная работа не подтверждена.
C5,10,3–6,Есть русский язык на этапе продаж или подготовки, но сопровождение на маршруте ограничено.
C5,10,7–10,Русский язык подтвержден при планировании и на ключевых этапах поездки.
C6,15,0–4,Предложение описано общими словами без проверяемой фактуры.
C6,15,5–9,Есть маршрут или базовые условия, но существенная часть данных закрыта или устарела.
C6,15,10–12,Есть актуальные маршруты, техника или цены, но не все ключевые условия раскрыты одинаково хорошо.
C6,15,13–15,Публично доступны подробные маршруты, даты, техника, километраж, цены или полный состав пакета.
